,period,year,month,total_rainfall,no_of_rainy_days,mean_temp,mean_sunshine_hrs,mean_rh,maximum_rainfall_in_a_day,wet_bulb_temperature,RSI(sales_value)
0,1985-01,1985,1,111.1,7,26.6,8.7,81.5,35.5,24.410618279569892,30.7
1,1985-02,1985,2,79.3,11,27.0,6.5,84.0,18.7,24.945089285714282,31.6
2,1985-03,1985,3,88.0,13,27.1,5.6,83.9,23.8,24.97728494623656,30.8
3,1985-04,1985,4,110.5,14,27.5,5.5,83.8,29.3,25.096527777777776,24.5
4,1985-05,1985,5,70.1,12,28.0,5.7,83.4,36.2,25.378763440860215,25.4
5,1985-06,1985,6,37.0,14,28.2,5.8,79.4,9.9,25.023194444444446,23.7
6,1985-07,1985,7,131.8,17,27.0,5.3,83.1,32.2,24.725806451612904,23.8
7,1985-08,1985,8,56.9,11,27.7,6.2,80.4,21.4,25.1125,24.1
8,1985-09,1985,9,110.7,18,26.9,5.0,83.1,22.0,24.708055555555553,24.4
9,1985-10,1985,10,169.0,21,26.7,4.1,84.7,30.2,24.822849462365593,23.6
10,1985-11,1985,11,179.4,21,26.6,4.1,85.0,38.2,24.66347222222222,24.4
11,1985-12,1985,12,340.1,22,26.1,4.6,86.2,86.8,24.415188172043013,24.0
12,1986-01,1986,1,308.2,13,25.7,3.9,83.9,95.6,23.948252688172044,24.0
13,1986-02,1986,2,26.7,2,26.9,7.2,78.4,23.0,24.439732142857142,25.5
14,1986-03,1986,3,353.4,17,26.4,4.6,86.6,71.1,24.927150537634407,22.8
15,1986-04,1986,4,150.0,14,27.4,6.2,85.3,56.4,25.16361111111111,22.2
16,1986-05,1986,5,145.1,13,28.2,6.1,81.8,51.3,25.340725806451612,22.2
17,1986-06,1986,6,122.9,13,27.9,6.8,82.5,34.5,25.294166666666666,22.3
18,1986-07,1986,7,109.7,12,27.9,6.2,79.9,23.5,24.982526881720432,23.1
19,1986-08,1986,8,72.9,11,28.3,5.6,77.3,28.4,25.020026881720433,22.7
20,1986-09,1986,9,396.0,22,26.7,4.8,84.4,97.6,24.731527777777778,22.6
21,1986-10,1986,10,227.3,20,26.9,5.0,85.0,65.6,24.95456989247312,22.7
22,1986-11,1986,11,256.7,21,26.6,4.5,84.1,40.5,24.596805555555555,22.9
23,1986-12,1986,12,367.2,16,26.3,5.4,85.2,131.7,24.26827956989247,23.6
24,1987-01,1987,1,568.6,16,25.5,4.0,86.0,127.4,24.168413978494623,23.9
25,1987-02,1987,2,86.9,7,26.6,9.2,79.0,34.8,24.487499999999997,25.0
26,1987-03,1987,3,132.5,12,27.5,6.9,83.2,40.9,25.1252688172043,26.4
27,1987-04,1987,4,72.5,10,27.9,6.2,82.8,27.7,25.21527777777778,27.8
28,1987-05,1987,5,270.0,16,27.6,5.6,84.6,81.4,25.373790322580643,28.2
29,1987-06,1987,6,126.6,15,28.7,6.8,80.7,30.7,25.595833333333335,29.8
30,1987-07,1987,7,80.9,11,28.1,6.7,81.3,21.6,25.34556451612903,29.8
31,1987-08,1987,8,191.9,16,27.4,5.1,83.6,48.2,25.30524193548387,29.7
32,1987-09,1987,9,129.9,11,27.6,5.4,82.5,44.5,25.0975,30.2
33,1987-10,1987,10,22.6,9,27.9,5.8,82.1,5.9,25.330913978494625,30.2
34,1987-11,1987,11,347.6,17,27.3,4.5,84.0,77.7,25.06625,32.0
35,1987-12,1987,12,72.8,11,26.4,4.8,84.6,24.3,24.60793010752688,29.7
36,1988-01,1988,1,237.5,15,26.8,5.9,84.3,69.0,24.856989247311827,31.9
37,1988-02,1988,2,158.1,9,27.1,6.7,83.2,46.7,25.004310344827587,31.7
38,1988-03,1988,3,186.8,15,27.3,5.2,85.3,70.1,25.323521505376345,32.1
39,1988-04,1988,4,109.6,13,27.8,5.4,84.5,22.8,25.448749999999997,33.0
40,1988-05,1988,5,229.6,14,28.4,5.6,82.7,76.7,25.65793010752688,34.6
41,1988-06,1988,6,252.2,13,28.0,6.5,81.6,69.4,25.218333333333334,34.7
42,1988-07,1988,7,305.4,15,27.3,6.0,84.0,75.6,25.31290322580645,35.3
43,1988-08,1988,8,80.1,14,27.0,4.9,84.9,19.0,24.89005376344086,36.8
44,1988-09,1988,9,440.4,14,27.1,4.8,84.5,187.3,25.153750000000002,37.7
45,1988-10,1988,10,134.6,17,27.5,4.1,83.2,39.8,25.12271505376344,39.9
46,1988-11,1988,11,401.4,23,26.3,3.7,86.8,111.9,24.59597222222222,38.1
47,1988-12,1988,12,62.9,11,26.2,5.7,81.1,22.0,24.1369623655914,41.7
48,1989-01,1989,1,189.7,10,26.5,5.8,84.1,53.0,24.488172043010753,37.3
49,1989-02,1989,2,52.4,3,26.6,6.7,78.3,48.4,24.291517857142857,43.1
50,1989-03,1989,3,305.9,21,26.3,4.5,87.6,63.5,24.87244623655914,41.6
51,1989-04,1989,4,198.6,17,27.0,5.7,86.4,39.0,24.992083333333333,38.2
52,1989-05,1989,5,194.0,12,27.3,5.2,86.6,38.2,25.188440860215056,37.9
53,1989-06,1989,6,117.6,12,27.5,6.0,83.3,45.9,24.86625,37.1
54,1989-07,1989,7,157.6,12,27.7,6.0,82.6,33.3,25.27029569892473,37.9
55,1989-08,1989,8,201.0,18,27.1,5.3,83.7,81.4,24.939650537634407,39.4
56,1989-09,1989,9,247.3,14,26.9,5.5,84.4,102.2,24.83513888888889,41.4
57,1989-10,1989,10,111.0,16,27.1,5.5,83.7,24.9,24.80161290322581,39.2
58,1989-11,1989,11,508.4,20,26.7,5.4,86.0,148.6,24.724722222222223,41.9
59,1989-12,1989,12,179.7,18,26.3,4.8,85.5,44.2,24.70739247311828,41.2
60,1990-01,1990,1,147.4,13,26.2,5.3,83.8,73.9,24.537096774193547,42.9
61,1990-02,1990,2,24.1,8,27.6,8.9,80.9,6.6,25.022321428571427,42.8
62,1990-03,1990,3,94.2,4,28.2,8.3,77.6,48.6,25.19260752688172,43.4
63,1990-04,1990,4,52.4,10,28.5,6.3,81.2,12.0,25.531111111111112,47.4
64,1990-05,1990,5,180.1,11,28.6,6.5,81.1,153.7,25.66182795698925,36.2
65,1990-06,1990,6,112.6,9,28.3,6.3,80.7,76.1,25.382777777777775,39.0
66,1990-07,1990,7,124.0,12,27.5,5.9,82.7,44.5,25.023387096774197,38.7
67,1990-08,1990,8,146.6,13,28.0,5.8,82.3,38.3,25.399327956989247,38.4
68,1990-09,1990,9,204.5,17,27.2,5.1,83.2,44.5,25.081111111111113,36.9
69,1990-10,1990,10,56.4,12,27.5,5.9,83.5,20.2,25.239381720430107,40.0
70,1990-11,1990,11,180.4,17,27.2,4.6,83.5,46.9,25.186527777777776,37.7
71,1990-12,1990,12,201.1,16,26.3,5.5,86.0,33.5,24.72271505376344,41.6
72,1991-01,1991,1,123.9,13,26.7,5.6,84.1,36.2,24.870564516129033,36.5
73,1991-02,1991,2,45.5,7,27.1,7.0,81.6,17.9,24.914285714285718,40.0
74,1991-03,1991,3,92.4,10,27.8,7.1,79.9,48.6,25.26021505376344,40.5
75,1991-04,1991,4,134.2,13,27.7,5.8,84.3,32.2,25.31597222222222,40.7
76,1991-05,1991,5,256.4,23,27.7,5.1,86.6,44.0,25.56706989247312,41.4
77,1991-06,1991,6,88.7,9,28.6,7.1,81.0,55.6,25.597638888888888,40.1
78,1991-07,1991,7,37.3,8,28.5,6.7,78.7,10.7,25.431854838709675,41.3
79,1991-08,1991,8,226.2,8,28.2,5.3,79.8,129.9,25.232258064516127,42.6
80,1991-09,1991,9,123.1,12,27.5,4.1,83.0,53.6,25.240416666666665,41.2
81,1991-10,1991,10,52.0,5,27.5,4.2,81.4,20.4,24.853494623655912,45.9
82,1991-11,1991,11,205.0,19,26.3,3.5,86.5,75.2,24.762777777777778,46.0
83,1991-12,1991,12,492.3,19,25.6,3.0,90.7,79.4,24.835887096774197,39.3
84,1992-01,1992,1,83.9,9,26.6,6.6,82.4,56.2,24.50228494623656,42.9
85,1992-02,1992,2,62.4,4,27.5,7.7,80.5,43.2,24.967959770114945,44.2
86,1992-03,1992,3,67.6,6,28.2,7.4,80.6,35.1,25.587903225806453,43.2
87,1992-04,1992,4,160.3,13,28.4,6.4,82.4,94.7,25.778055555555557,45.5
88,1992-05,1992,5,63.1,13,28.1,5.7,83.3,13.7,25.668817204301074,46.2
89,1992-06,1992,6,162.8,14,28.0,5.5,82.7,38.4,25.47888888888889,50.3
90,1992-07,1992,7,290.8,19,27.3,4.7,83.8,97.3,25.051747311827956,44.3
91,1992-08,1992,8,76.1,11,27.8,5.7,81.1,31.0,25.059811827956988,45.7
92,1992-09,1992,9,83.6,13,27.3,5.0,82.9,17.5,24.929305555555555,48.4
93,1992-10,1992,10,233.2,20,27.4,4.5,82.0,45.5,25.01532258064516,43.9
94,1992-11,1992,11,474.3,18,26.1,3.7,87.7,120.6,24.667499999999997,44.0
95,1992-12,1992,12,502.7,23,25.5,3.4,90.3,105.7,24.50551075268817,43.8
96,1993-01,1993,1,176.4,11,26.2,5.5,85.7,37.2,24.579973118279568,48.5
97,1993-02,1993,2,69.2,8,26.7,8.5,80.5,27.0,24.61294642857143,45.9
98,1993-03,1993,3,250.5,14,26.7,5.4,86.3,56.9,25.166397849462363,48.1
99,1993-04,1993,4,283.9,20,27.6,6.4,84.5,56.7,25.51763888888889,46.1
100,1993-05,1993,5,129.9,10,28.2,6.0,82.9,37.2,25.54462365591398,47.9
101,1993-06,1993,6,115.5,17,28.5,6.2,80.9,29.4,25.363055555555558,49.9
102,1993-07,1993,7,240.0,15,27.9,5.2,83.2,46.4,25.575134408602153,49.1
103,1993-08,1993,8,106.8,11,28.6,7.4,79.4,53.5,25.48951612903226,47.0
104,1993-09,1993,9,61.7,7,27.9,5.9,81.4,42.0,25.360694444444444,46.7
105,1993-10,1993,10,175.5,13,27.5,5.2,84.3,62.7,25.293548387096777,45.9
106,1993-11,1993,11,250.8,18,26.9,4.7,87.4,61.3,25.22861111111111,46.2
107,1993-12,1993,12,308.5,19,26.5,4.2,87.4,67.6,24.84018817204301,48.4
108,1994-01,1994,1,56.9,7,26.9,6.1,82.1,17.5,24.726478494623656,47.3
109,1994-02,1994,2,133.5,15,27.0,6.4,84.5,26.3,25.110119047619047,48.4
110,1994-03,1994,3,288.2,19,26.8,3.5,87.1,64.2,25.1875,60.5
111,1994-04,1994,4,154.0,15,27.9,5.8,84.8,46.3,25.630694444444444,40.9
112,1994-05,1994,5,169.6,16,28.1,5.0,84.8,45.1,25.79233870967742,43.8
113,1994-06,1994,6,184.7,14,28.1,6.0,83.5,61.1,25.545416666666668,43.2
114,1994-07,1994,7,53.8,6,28.4,7.6,78.9,17.0,25.484139784946237,47.0
115,1994-08,1994,8,45.1,12,28.1,6.5,80.0,15.5,25.31061827956989,44.8
116,1994-09,1994,9,23.7,6,28.3,3.8,78.7,11.3,25.346666666666664,45.8
117,1994-10,1994,10,84.7,11,27.9,4.5,81.5,35.4,25.249193548387098,45.4
118,1994-11,1994,11,322.2,21,26.7,4.5,88.4,178.3,25.46986111111111,47.0
119,1994-12,1994,12,425.4,18,26.9,5.3,85.5,133.8,25.146908602150535,46.3
120,1995-01,1995,1,349.4,21,26.8,5.0,86.2,108.3,25.110483870967744,46.2
121,1995-02,1995,2,334.0,16,26.5,4.9,87.5,159.3,25.236309523809524,46.4
122,1995-03,1995,3,67.7,10,27.6,5.9,83.9,31.1,25.57244623655914,48.4
123,1995-04,1995,4,242.3,16,27.9,5.6,85.3,73.6,25.77986111111111,47.4
124,1995-05,1995,5,84.4,11,28.5,6.0,83.7,32.8,26.05698924731183,48.3
125,1995-06,1995,6,63.7,12,28.9,6.6,81.9,45.0,25.765694444444442,46.9
126,1995-07,1995,7,173.6,13,28.0,5.2,82.6,52.3,25.488709677419354,46.7
127,1995-08,1995,8,211.6,21,27.4,4.1,85.6,37.9,25.60672043010753,48.8
128,1995-09,1995,9,29.5,7,28.3,5.8,81.6,5.7,25.568888888888885,49.2
129,1995-10,1995,10,101.1,12,27.8,4.7,82.8,37.1,25.421102150537635,49.0
130,1995-11,1995,11,372.8,20,27.0,3.7,86.8,198.6,25.24375,49.2
131,1995-12,1995,12,302.5,20,26.3,3.1,86.6,55.6,24.99744623655914,48.4
132,1996-01,1996,1,173.2,10,26.2,5.2,84.2,39.0,24.58454301075269,48.1
133,1996-02,1996,2,180.2,11,26.5,5.8,84.6,53.0,24.7139367816092,50.7
134,1996-03,1996,3,129.7,8,27.8,7.7,81.0,61.8,25.36922043010753,49.0
135,1996-04,1996,4,178.2,15,27.8,5.4,85.5,55.7,25.563194444444445,48.7
136,1996-05,1996,5,107.5,15,28.5,7.0,83.7,18.6,25.86733870967742,48.7
137,1996-06,1996,6,265.8,15,28.3,5.9,84.3,94.3,25.789166666666667,48.3
138,1996-07,1996,7,162.3,10,28.3,6.7,81.9,55.3,25.779704301075267,48.0
139,1996-08,1996,8,258.4,18,27.4,5.0,83.4,64.6,25.023118279569893,47.8
140,1996-09,1996,9,297.0,18,27.7,4.8,82.2,66.5,25.396805555555556,48.6
141,1996-10,1996,10,300.0,19,27.5,4.3,83.0,45.8,25.209408602150535,50.3
142,1996-11,1996,11,180.2,16,27.3,4.4,83.5,60.5,24.997222222222224,50.5
143,1996-12,1996,12,185.5,15,26.6,4.5,82.9,72.4,24.571370967741935,54.2
144,1997-01,1997,1,15.4,3,27.1,7.7,77.3,13.9,24.66478494623656,51.6
145,1997-02,1997,2,105.4,8,27.4,4.9,80.8,35.7,24.859375,47.1
146,1997-03,1997,3,34.3,10,28.1,7.0,79.6,17.4,25.455913978494625,48.5
147,1997-04,1997,4,118.4,12,28.1,5.6,82.7,44.6,25.694444444444443,49.6
148,1997-05,1997,5,41.6,6,29.3,6.7,77.7,35.6,25.847983870967745,49.5
149,1997-06,1997,6,78.9,12,29.3,7.3,76.7,25.0,25.750694444444445,50.0
150,1997-07,1997,7,18.6,9,28.8,6.5,76.5,5.4,25.6630376344086,52.6
151,1997-08,1997,8,86.6,9,28.8,5.7,78.2,61.4,25.52594086021505,49.8
152,1997-09,1997,9,31.1,3,28.8,3.2,77.0,24.3,25.45361111111111,50.6
153,1997-10,1997,10,78.4,8,28.2,3.2,81.0,36.5,25.47741935483871,48.7
154,1997-11,1997,11,158.3,13,27.8,5.4,82.8,53.6,25.290416666666665,46.8
155,1997-12,1997,12,351.9,23,27.3,5.3,85.3,65.8,25.29193548387097,46.6
156,1998-01,1998,1,268.8,13,28.0,7.4,83.2,79.7,25.804973118279573,47.0
157,1998-02,1998,2,32.5,5,28.9,8.9,78.3,11.9,26.06607142857143,47.9
158,1998-03,1998,3,58.8,7,29.5,7.6,77.8,20.9,26.203629032258064,39.0
159,1998-04,1998,4,187.7,13,29.2,6.7,81.8,64.9,26.443194444444444,52.6
160,1998-05,1998,5,370.8,18,29.4,5.9,82.3,83.7,26.62311827956989,46.8
161,1998-06,1998,6,198.8,15,28.6,5.3,82.1,42.8,25.874305555555555,46.0
162,1998-07,1998,7,259.2,18,28.1,5.1,81.8,55.8,25.608870967741936,46.8
163,1998-08,1998,8,195.0,18,27.5,4.6,85.4,35.5,25.530645161290323,45.2
164,1998-09,1998,9,258.2,17,27.9,4.5,84.1,52.0,25.68375,43.2
165,1998-10,1998,10,222.7,20,28.0,5.0,82.3,32.4,25.598118279569892,44.7
166,1998-11,1998,11,107.2,11,27.9,4.6,81.9,57.5,25.822916666666668,46.6
167,1998-12,1998,12,463.4,22,26.6,3.1,88.5,84.4,25.3747311827957,50.5
168,1999-01,1999,1,193.9,19,26.6,3.9,88.3,52.5,25.389112903225808,46.7
169,1999-02,1999,2,67.4,9,27.2,6.7,82.4,32.1,25.130505952380954,47.7
170,1999-03,1999,3,181.4,16,27.1,4.3,87.5,52.4,25.46693548387097,49.4
171,1999-04,1999,4,88.5,14,28.3,5.8,82.6,29.2,25.67875,50.9
172,1999-05,1999,5,157.1,13,28.0,5.7,84.4,42.8,25.673387096774192,52.1
173,1999-06,1999,6,103.4,13,28.2,6.0,81.9,34.5,25.45263888888889,55.2
174,1999-07,1999,7,225.4,11,27.8,6.8,82.7,51.4,25.504032258064516,52.7
175,1999-08,1999,8,204.0,13,27.5,5.7,84.1,42.4,25.264247311827955,58.1
176,1999-09,1999,9,125.9,13,27.9,6.5,81.7,41.5,25.398611111111112,59.7
177,1999-10,1999,10,205.0,20,27.2,4.7,84.6,32.8,25.11478494623656,59.4
178,1999-11,1999,11,241.5,19,27.3,4.7,84.4,39.0,25.185694444444444,57.9
179,1999-12,1999,12,340.5,17,26.8,4.1,85.3,76.9,24.9122311827957,58.2
180,2000-01,2000,1,275.2,14,26.3,4.0,86.9,127.6,24.77795698924731,61.7
181,2000-02,2000,2,237.8,18,26.6,5.8,86.5,39.9,25.18807471264368,60.6
182,2000-03,2000,3,238.3,15,27.2,5.8,85.8,37.9,25.226344086021506,60.8
183,2000-04,2000,4,311.6,20,27.5,5.3,85.6,87.4,25.54152777777778,65.3
184,2000-05,2000,5,96.8,10,28.6,6.8,82.4,36.7,25.83844086021505,66.7
185,2000-06,2000,6,157.5,16,27.6,4.6,84.3,41.7,25.372916666666665,70.4
186,2000-07,2000,7,116.1,12,28.1,6.5,82.6,34.6,25.601075268817205,69.8
187,2000-08,2000,8,113.5,18,27.5,5.1,83.8,28.1,25.536021505376343,68.8
188,2000-09,2000,9,81.1,12,28.0,6.2,82.2,25.7,25.48013888888889,72.1
189,2000-10,2000,10,120.9,14,27.8,4.0,82.1,38.3,25.467741935483872,66.6
190,2000-11,2000,11,385.7,21,27.3,3.7,87.1,72.0,25.54861111111111,73.1
191,2000-12,2000,12,236.0,18,27.0,4.2,87.6,45.8,25.37217741935484,72.5
192,2001-01,2001,1,425.8,21,26.5,4.4,87.4,125.4,25.215725806451612,73.9
193,2001-02,2001,2,86.6,11,27.0,4.8,83.6,28.2,25.14122023809524,75.3
194,2001-03,2001,3,297.3,20,27.5,5.4,84.5,41.1,25.518413978494625,76.8
195,2001-04,2001,4,203.3,18,27.7,5.3,86.0,68.9,25.692222222222224,73.5
196,2001-05,2001,5,164.9,12,28.5,6.0,85.0,56.1,26.10739247311828,75.1
197,2001-06,2001,6,137.1,11,28.2,4.9,82.5,49.6,25.580833333333334,72.0
198,2001-07,2001,7,111.3,9,28.4,8.1,80.8,44.8,25.538575268817205,69.1
199,2001-08,2001,8,158.3,14,28.0,4.9,83.7,36.6,25.638037634408605,77.6
200,2001-09,2001,9,162.0,13,28.0,6.2,82.3,74.3,25.582222222222224,69.2
201,2001-10,2001,10,252.2,20,27.6,4.4,83.7,77.2,25.523655913978494,69.9
202,2001-11,2001,11,175.3,15,27.2,3.7,84.9,102.6,25.182222222222222,72.4
203,2001-12,2001,12,609.0,20,26.7,4.5,86.8,211.1,25.096639784946237,72.1
204,2002-01,2002,1,221.2,11,27.0,6.9,83.6,83.8,25.145698924731185,71.6
205,2002-02,2002,2,50.8,2,27.3,7.4,80.9,41.7,25.252083333333335,70.2
206,2002-03,2002,3,55.6,8,28.2,7.6,80.8,26.4,25.766129032258064,76.6
207,2002-04,2002,4,116.5,13,28.6,6.6,82.3,39.4,26.032777777777774,71.8
208,2002-05,2002,5,236.6,13,28.9,6.2,82.3,75.9,26.2372311827957,67.9
209,2002-06,2002,6,83.1,12,28.7,6.3,82.1,45.8,26.018055555555556,68.7
210,2002-07,2002,7,233.7,11,28.4,6.8,82.7,69.5,25.74811827956989,73.1
211,2002-08,2002,8,54.2,14,28.5,6.7,79.2,17.8,25.583736559139783,73.0
212,2002-09,2002,9,124.2,9,28.1,5.5,81.7,38.9,25.592777777777776,70.4
213,2002-10,2002,10,10.8,7,28.7,6.2,79.8,3.2,25.628091397849463,71.4
214,2002-11,2002,11,307.2,15,27.4,4.6,85.8,84.0,25.465694444444445,73.5
215,2002-12,2002,12,255.0,24,27.2,4.8,88.7,38.6,25.659274193548388,79.2
216,2003-01,2003,1,444.2,20,26.7,4.7,86.9,194.4,25.225403225806453,71.4
217,2003-02,2003,2,172.9,13,27.1,5.8,85.0,82.2,25.320535714285718,73.2
218,2003-03,2003,3,154.6,11,28.1,6.9,83.8,38.3,25.734274193548387,70.3
219,2003-04,2003,4,159.9,20,27.9,5.1,86.7,42.9,25.985277777777778,73.6
220,2003-05,2003,5,81.8,11,29.2,5.8,81.7,33.0,26.293279569892473,80.7
221,2003-06,2003,6,50.3,12,28.9,7.0,78.5,23.2,25.732777777777777,75.9
222,2003-07,2003,7,170.4,14,28.1,5.6,81.7,30.9,25.875537634408605,80.3
223,2003-08,2003,8,193.6,13,28.2,6.1,83.1,64.4,25.686155913978496,78.9
224,2003-09,2003,9,205.3,15,27.6,5.0,84.8,60.0,25.59347222222222,82.3
225,2003-10,2003,10,351.4,21,27.6,5.1,84.9,56.6,25.5875,82.8
226,2003-11,2003,11,133.8,19,27.1,4.2,87.3,41.3,25.451944444444447,82.5
227,2003-12,2003,12,273.0,17,26.5,3.9,87.2,92.1,25.036962365591396,89.1
228,2004-01,2004,1,600.9,13,26.9,6.7,86.7,177.8,25.15604838709677,85.0
229,2004-02,2004,2,31.9,4,27.6,7.7,80.5,19.2,25.012931034482758,97.7
230,2004-03,2004,3,269.4,16,27.7,4.8,85.8,122.8,25.92190860215054,87.4
231,2004-04,2004,4,57.1,9,28.9,7.0,82.3,18.1,26.162361111111114,85.8
232,2004-05,2004,5,137.6,13,28.9,6.0,82.1,73.4,26.077956989247312,87.3
233,2004-06,2004,6,127.2,8,29.0,6.3,79.8,68.1,26.006111111111114,89.5
234,2004-07,2004,7,166.6,20,27.3,4.2,85.3,34.3,25.386827956989247,87.6
235,2004-08,2004,8,185.2,8,28.3,7.3,80.3,111.5,25.645430107526884,88.4
236,2004-09,2004,9,128.9,14,27.8,5.9,83.6,29.1,25.514166666666668,89.4
237,2004-10,2004,10,125.6,13,27.8,5.0,83.9,25.3,25.63427419354839,92.7
238,2004-11,2004,11,166.2,15,27.3,5.8,86.1,62.4,25.50027777777778,92.4
239,2004-12,2004,12,139.8,14,26.8,4.9,85.2,36.4,25.10981182795699,90.0
240,2005-01,2005,1,163.2,8,26.6,6.5,83.3,96.7,24.878629032258065,94.7
241,2005-02,2005,2,8.4,3,28.5,9.1,77.7,7.2,25.65892857142857,94.7
242,2005-03,2005,3,82.4,12,28.5,7.2,80.3,20.5,25.83239247311828,95.9
243,2005-04,2005,4,81.7,10,28.7,7.0,81.0,49.6,26.06027777777778,97.0
244,2005-05,2005,5,331.1,20,28.5,5.5,84.6,58.7,26.123252688172045,94.9
245,2005-06,2005,6,82.3,15,28.8,5.4,82.7,27.6,25.933055555555555,96.9
246,2005-07,2005,7,104.0,15,28.0,5.4,84.0,26.3,25.713844086021503,97.7
247,2005-08,2005,8,58.5,13,28.2,6.5,82.9,13.8,25.764919354838707,98.6
248,2005-09,2005,9,175.7,18,28.2,6.2,84.2,43.4,25.808611111111112,98.9
249,2005-10,2005,10,314.5,19,27.6,5.1,85.2,76.2,25.58306451612903,101.2
250,2005-11,2005,11,362.9,23,27.3,4.4,86.4,133.8,25.501944444444447,97.0
251,2005-12,2005,12,166.0,19,27.3,4.5,85.6,47.3,25.482526881720432,100.3
252,2006-01,2006,1,454.4,20,26.5,4.8,87.8,131.7,25.120026881720428,95.5
253,2006-02,2006,2,115.5,8,27.5,7.4,84.0,44.5,25.558333333333334,101.3
254,2006-03,2006,3,83.1,9,28.3,7.1,81.3,35.7,25.816129032258065,103.7
255,2006-04,2006,4,239.8,18,27.6,5.3,87.0,43.3,25.794722222222223,102.9
256,2006-05,2006,5,205.7,14,28.1,5.0,85.2,36.6,25.9130376344086,107.2
257,2006-06,2006,6,236.8,16,27.8,5.5,86.3,37.3,25.879722222222224,103.1
258,2006-07,2006,7,153.8,15,28.4,6.9,83.8,54.8,25.959139784946235,103.0
259,2006-08,2006,8,127.3,14,28.3,6.7,81.9,30.4,25.859005376344083,103.5
260,2006-09,2006,9,83.3,12,28.0,5.3,81.0,32.2,25.474305555555556,105.1
261,2006-10,2006,10,102.0,8,28.3,4.8,80.9,37.8,25.723521505376343,105.1
262,2006-11,2006,11,185.6,18,27.3,5.6,87.4,64.0,25.52583333333333,109.8
263,2006-12,2006,12,765.9,22,26.6,3.2,88.5,198.0,25.1122311827957,108.2
264,2007-01,2007,1,450.1,20,26.5,4.1,86.8,143.8,24.74489247311828,109.5
265,2007-02,2007,2,105.5,3,27.3,7.6,82.5,51.4,25.287351190476187,106.7
266,2007-03,2007,3,269.1,21,27.5,5.8,84.9,68.8,25.542876344086025,108.0
267,2007-04,2007,4,240.2,14,28.1,5.9,84.7,102.4,25.753055555555555,108.0
268,2007-05,2007,5,127.2,16,28.3,5.5,84.8,21.9,25.862903225806452,110.6
269,2007-06,2007,6,139.0,12,28.4,6.0,82.8,38.0,25.877361111111114,118.6
270,2007-07,2007,7,141.7,19,27.7,3.8,84.8,23.0,25.50201612903226,100.7
271,2007-08,2007,8,190.7,20,27.7,5.7,82.9,55.9,25.393145161290324,108.0
272,2007-09,2007,9,149.0,13,27.8,5.8,83.3,52.1,25.618333333333336,109.2
273,2007-10,2007,10,237.2,16,27.8,5.6,83.2,51.8,25.33225806451613,107.1
274,2007-11,2007,11,367.9,21,26.9,3.5,86.5,60.1,25.35125,105.0
275,2007-12,2007,12,468.6,20,26.4,4.5,86.8,159.0,25.086693548387096,106.3
276,2008-01,2008,1,262.6,19,26.8,6.1,86.0,123.1,25.108736559139786,107.8
277,2008-02,2008,2,129.2,8,26.7,5.5,82.9,48.5,24.757902298850574,110.2
278,2008-03,2008,3,294.1,16,26.5,4.3,87.1,48.1,25.073790322580646,106.7
279,2008-04,2008,4,87.2,13,28.1,6.0,82.0,34.2,25.546944444444442,109.9
280,2008-05,2008,5,124.9,11,28.8,6.6,79.1,42.3,25.643951612903223,108.9
281,2008-06,2008,6,118.3,12,28.2,5.6,81.5,45.2,25.548472222222223,107.3
282,2008-07,2008,7,89.1,15,27.8,4.9,81.3,23.5,25.254301075268817,106.7
283,2008-08,2008,8,327.3,18,27.4,5.5,83.8,133.9,25.132930107526885,104.8
284,2008-09,2008,9,164.4,18,27.7,5.1,82.7,43.5,25.32777777777778,110.4
285,2008-10,2008,10,159.5,19,27.6,4.5,84.9,41.6,25.45954301075269,100.1
286,2008-11,2008,11,324.3,16,27.3,4.0,85.9,63.3,25.237916666666667,98.6
287,2008-12,2008,12,244.2,17,26.9,4.8,83.7,52.0,24.79005376344086,101.6
288,2009-01,2009,1,38.3,5,26.8,6.6,79.1,36.0,24.380241935483873,93.4
289,2009-02,2009,2,201.8,8,27.3,6.4,80.7,74.2,25.278125000000003,100.8
290,2009-03,2009,3,223.3,19,27.2,5.5,85.4,56.3,25.30510752688172,97.8
291,2009-04,2009,4,183.7,12,28.5,6.2,82.2,86.6,25.890416666666663,95.4
292,2009-05,2009,5,198.6,17,28.7,6.6,83.0,41.3,26.129032258064516,95.5
293,2009-06,2009,6,21.8,8,29.1,7.0,79.8,5.8,25.749305555555555,97.0
294,2009-07,2009,7,161.0,16,28.3,6.2,80.8,24.4,25.62298387096774,94.9
295,2009-08,2009,8,177.8,12,28.3,6.5,80.7,35.5,25.587096774193547,97.8
296,2009-09,2009,9,109.6,13,28.3,5.6,82.0,63.0,25.70888888888889,95.0
297,2009-10,2009,10,133.4,15,28.2,5.4,82.8,38.4,25.693817204301077,95.7
298,2009-11,2009,11,281.8,23,27.2,4.7,85.6,61.4,25.226944444444445,95.7
299,2009-12,2009,12,189.8,18,27.1,4.7,86.3,42.6,25.447580645161292,95.9
300,2010-01,2010,1,69.5,10,27.5,7.1,82.1,24.5,25.25577956989247,99.9
301,2010-02,2010,2,6.3,4,28.9,8.8,77.3,2.9,25.664732142857144,96.8
302,2010-03,2010,3,238.0,11,28.6,6.1,79.9,57.6,25.791666666666668,93.8
303,2010-04,2010,4,158.5,18,28.6,6.2,84.1,40.0,26.08666666666667,91.0
304,2010-05,2010,5,157.5,17,29.2,6.5,82.2,90.5,26.320698924731182,88.8
305,2010-06,2010,6,240.5,19,28.3,5.1,83.9,43.0,25.94736111111111,89.8
306,2010-07,2010,7,298.5,18,27.7,4.6,84.8,121.1,25.644220430107527,92.1
307,2010-08,2010,8,158.4,16,27.9,5.4,84.2,60.2,25.69677419354839,95.2
308,2010-09,2010,9,121.5,13,28.0,5.7,82.5,28.0,25.75138888888889,96.1
309,2010-10,2010,10,166.2,17,28.3,4.2,82.3,58.1,25.649865591397848,92.9
310,2010-11,2010,11,278.8,21,27.4,5.0,85.9,41.6,25.635694444444447,95.0
311,2010-12,2010,12,181.4,14,26.8,3.6,85.3,85.8,25.215591397849465,95.2
312,2011-01,2011,1,513.2,17,26.3,4.5,85.8,216.2,24.779032258064515,91.1
313,2011-02,2011,2,23.0,8,27.3,7.5,81.1,17.4,25.138541666666665,90.8
314,2011-03,2011,3,256.6,22,27.1,4.6,85.5,54.0,25.369086021505375,92.3
315,2011-04,2011,4,217.8,12,27.9,7.2,83.9,61.8,25.627083333333335,96.2
316,2011-05,2011,5,127.0,15,28.5,5.9,85.3,34.2,26.013709677419357,95.7
317,2011-06,2011,6,213.0,15,28.4,5.0,83.7,82.0,25.85097222222222,98.0
318,2011-07,2011,7,76.6,7,28.7,7.8,81.3,30.0,25.80255376344086,100.1
319,2011-08,2011,8,81.4,13,27.9,6.1,82.6,30.2,25.486021505376343,94.5
320,2011-09,2011,9,136.4,14,27.8,5.1,82.7,40.4,25.414027777777775,93.7
321,2011-10,2011,10,216.8,20,27.3,5.3,87.4,54.0,25.583467741935483,98.3
322,2011-11,2011,11,377.8,24,27.1,4.6,87.8,78.6,25.46513888888889,97.7
323,2011-12,2011,12,284.6,21,26.6,3.3,88.4,87.4,25.20994623655914,97.7
324,2012-01,2012,1,106.1,16,26.7,6.0,87.3,26.2,25.19798387096774,96.3
325,2012-02,2012,2,83.6,11,27.2,7.0,85.6,38.4,25.367241379310343,102.0
326,2012-03,2012,3,313.4,21,27.0,4.2,87.3,92.3,25.309274193548386,98.1
327,2012-04,2012,4,260.6,20,27.6,5.8,85.1,48.4,25.59861111111111,98.2
328,2012-05,2012,5,292.0,19,28.2,5.6,83.1,79.2,25.60793010752688,96.2
329,2012-06,2012,6,53.0,8,28.7,6.0,79.0,38.2,25.499027777777776,96.5
330,2012-07,2012,7,130.8,17,27.7,6.2,81.1,35.4,25.205241935483873,96.2
331,2012-08,2012,8,119.0,12,27.9,6.1,79.8,31.0,25.155645161290323,96.6
332,2012-09,2012,9,107.6,10,27.9,5.6,79.7,35.8,25.109583333333337,95.8
333,2012-10,2012,10,122.2,13,27.7,5.9,81.3,22.6,25.114919354838708,96.5
334,2012-11,2012,11,208.2,22,27.1,4.4,85.4,49.2,25.345833333333335,96.6
335,2012-12,2012,12,363.4,22,26.7,3.6,87.0,78.8,25.09489247311828,94.8
336,2013-01,2013,1,262.0,15,27.1,6.0,82.1,73.0,24.791129032258063,95.2
337,2013-02,2013,2,395.2,22,26.5,4.0,86.9,95.2,24.981547619047618,95.7
338,2013-03,2013,3,85.8,10,28.3,7.5,80.4,29.6,25.561290322580643,91.7
339,2013-04,2013,4,159.4,19,28.2,5.2,82.7,41.6,25.48986111111111,97.9
340,2013-05,2013,5,211.4,17,28.2,5.4,83.1,46.2,25.455645161290324,98.6
341,2013-06,2013,6,111.4,12,29.0,6.4,74.6,22.4,25.118333333333336,93.5
342,2013-07,2013,7,174.6,15,27.8,5.7,79.9,37.4,25.059139784946236,89.1
343,2013-08,2013,8,165.6,15,27.9,6.1,79.0,43.2,25.160618279569892,90.6
344,2013-09,2013,9,257.0,19,27.5,4.6,81.3,52.6,25.218055555555555,92.6
345,2013-10,2013,10,285.4,19,27.7,6.3,79.9,139.8,25.04462365591398,89.1
346,2013-11,2013,11,292.4,22,27.1,4.5,84.6,44.0,25.068611111111114,89.0
347,2013-12,2013,12,348.2,21,26.5,3.5,85.8,119.8,24.73172043010753,91.0
348,2014-01,2014,1,75.4,5,26.2,5.3,78.5,31.2,23.486962365591395,90.9
349,2014-02,2014,2,0.2,1,27.2,8.8,74.5,0.2,24.428125,94.1
350,2014-03,2014,3,66.0,6,27.9,8.0,76.0,52.6,25.063440860215056,92.5
351,2014-04,2014,4,110.0,17,28.2,5.7,80.0,28.8,25.40597222222222,91.1
352,2014-05,2014,5,125.8,18,28.6,5.8,80.2,22.2,25.27983870967742,91.9
353,2014-06,2014,6,71.4,11,29.0,6.0,77.5,18.8,25.341388888888886,92.3
354,2014-07,2014,7,148.6,15,28.7,5.5,78.3,29.0,25.433064516129033,90.9
355,2014-08,2014,8,241.0,20,27.7,4.5,79.7,44.2,24.895026881720433,93.5
356,2014-09,2014,9,83.6,9,28.5,7.0,75.6,34.6,25.112916666666667,94.4
357,2014-10,2014,10,120.0,10,28.4,6.0,77.0,32.8,25.21344086021505,95.2
358,2014-11,2014,11,250.8,23,27.5,5.4,82.4,64.4,25.10222222222222,94.1
359,2014-12,2014,12,245.6,17,27.0,3.7,82.6,48.2,24.785618279569892,94.5
360,2015-01,2015,1,79.6,6,26.9,7.4,77.6,33.6,24.073118279569893,97.5
361,2015-02,2015,2,18.8,6,27.0,7.3,75.4,10.8,24.326339285714283,95.4
362,2015-03,2015,3,84.4,5,28.2,7.3,75.8,46.0,24.91962365591398,95.2
363,2015-04,2015,4,73.2,13,28.6,7.2,77.1,18.8,25.158055555555556,96.7
364,2015-05,2015,5,89.0,12,28.7,5.8,78.9,22.2,25.59287634408602,96.8
365,2015-06,2015,6,95.8,10,29.0,6.7,75.8,28.4,25.458333333333332,98.8
366,2015-07,2015,7,116.8,13,29.1,7.1,74.9,45.8,25.35712365591398,96.1
367,2015-08,2015,8,185.8,11,28.4,6.1,76.7,63.2,25.223118279569892,100.1
368,2015-09,2015,9,61.6,8,28.7,4.3,75.0,18.4,25.15652777777778,97.5
369,2015-10,2015,10,87.2,9,28.7,4.7,75.4,28.6,25.122580645161293,97.8
370,2015-11,2015,11,72.6,13,28.0,4.8,79.1,25.8,25.075416666666666,98.4
371,2015-12,2015,12,302.3,19,27.7,5.3,81.1,40.4,24.922043010752688,98.8
372,2016-01,2016,1,126.6,15,28.3,7.2,79.6,39.6,25.358870967741936,98.0
373,2016-02,2016,2,186.0,10,27.8,6.5,78.8,71.8,24.922844827586207,98.2
374,2016-03,2016,3,6.2,6,29.0,8.0,74.7,2.4,25.203360215053763,97.8
375,2016-04,2016,4,89.8,14,29.4,7.0,75.6,18.2,25.70638888888889,98.2
376,2016-05,2016,5,193.8,12,29.3,6.2,77.4,54.8,25.77258064516129,99.2
377,2016-06,2016,6,162.8,13,28.5,5.4,77.7,67.8,25.33527777777778,99.1
378,2016-07,2016,7,168.6,20,28.4,6.3,77.3,59.4,25.073521505376345,99.5
379,2016-08,2016,8,139.2,15,28.9,6.7,74.0,30.6,25.19771505376344,98.4
380,2016-09,2016,9,118.9,15,28.3,5.5,73.9,34.0,24.720833333333335,98.6
381,2016-10,2016,10,181.0,16,28.3,4.6,72.0,75.4,24.749193548387098,99.2
382,2016-11,2016,11,290.2,20,27.4,3.5,77.6,65.6,24.6125,98.3
383,2016-12,2016,12,292.6,23,27.4,5.1,72.8,73.0,23.986021505376343,98.4
384,2017-01,2017,1,197.6,21,26.9,4.8,84.8,60.6,24.909274193548388,98.4
385,2017-02,2017,2,158.4,15,26.9,7.1,83.2,31.0,25.04732142857143,99.9
386,2017-03,2017,3,136.2,11,27.4,6.1,82.5,30.2,25.31209677419355,100.0
387,2017-04,2017,4,208.6,21,27.8,5.3,83.5,42.8,25.56277777777778,99.0
388,2017-05,2017,5,190.0,15,28.5,5.9,82.8,44.8,25.985752688172045,99.4
389,2017-06,2017,6,106.0,10,28.5,6.3,80.2,29.6,25.453888888888887,100.0
390,2017-07,2017,7,79.6,9,28.3,7.0,79.6,30.2,25.546505376344083,100.9
391,2017-08,2017,8,84.2,18,28.1,6.1,79.9,29.4,25.298387096774192,100.7
392,2017-09,2017,9,124.4,19,28.0,5.7,81.0,20.2,25.23611111111111,97.1
393,2017-10,2017,10,120.8,18,27.9,5.5,82.5,31.2,25.468682795698925,98.6
394,2017-11,2017,11,268.6,24,27.1,4.2,86.3,45.2,25.22361111111111,101.6
395,2017-12,2017,12,371.2,23,27.0,5.6,85.2,69.8,24.95416666666667,103.7
396,2018-01,2018,1,287.0,25,26.1,4.1,86.6,45.8,24.608064516129033,98.7
397,2018-02,2018,2,14.8,5,27.2,8.0,77.2,13.0,24.694196428571427,96.8
398,2018-03,2018,3,44.6,10,28.0,6.4,78.4,15.2,25.023790322580645,98.9
399,2018-04,2018,4,61.2,14,28.5,6.8,78.5,14.0,25.426527777777775,99.8
400,2018-05,2018,5,132.2,19,28.7,5.8,79.0,47.4,25.447580645161292,99.2
401,2018-06,2018,6,182.6,17,28.4,4.1,79.3,46.8,25.223333333333333,100.4
402,2018-07,2018,7,143.2,10,28.5,6.1,77.7,32.4,25.373521505376345,97.8
403,2018-08,2018,8,121.6,11,28.5,6.7,77.0,34.6,25.19260752688172,99.0
404,2018-09,2018,9,144.4,13,28.0,6.0,77.1,45.0,25.03152777777778,99.1
405,2018-10,2018,10,234.4,18,27.9,6.1,79.7,60.6,25.012096774193548,98.9
406,2018-11,2018,11,169.6,27,27.3,3.8,83.2,20.6,24.97416666666667,100.0
407,2018-12,2018,12,172.6,19,27.6,5.1,81.5,43.8,24.918413978494623,97.5
408,2019-01,2019,1,63.6,9,28.0,7.1,75.6,38.2,24.61922043010753,97.6
409,2019-02,2019,2,31.6,5,28.2,9.2,74.1,13.4,24.79092261904762,96.4
410,2019-03,2019,3,72.2,6,28.7,8.3,72.3,29.0,24.929569892473115,98.1
411,2019-04,2019,4,174.8,9,28.6,5.9,77.6,52.4,25.534166666666664,98.4
412,2019-05,2019,5,69.0,13,29.3,7.0,79.2,17.2,25.78333333333333,95.6
413,2019-06,2019,6,173.8,16,28.4,5.3,79.5,37.6,25.45361111111111,93.0
414,2019-07,2019,7,12.2,8,29.0,7.5,75.2,6.6,25.45309139784946,96.0
415,2019-08,2019,8,11.8,6,29.1,7.6,72.1,3.8,25.109543010752688,94.9
416,2019-09,2019,9,22.8,4,29.0,6.7,73.0,16.4,25.139861111111113,96.6
417,2019-10,2019,10,176.8,15,28.1,6.5,78.1,92.2,25.223655913978497,94.4
418,2019-11,2019,11,137.4,15,28.0,5.5,79.2,73.4,25.174444444444443,94.3
419,2019-12,2019,12,421.5,14,26.7,4.8,83.9,74.2,24.850403225806453,93.0
